{
  "aut": 3.17130494334454e-05,
  "fpph": 0.0,
  "recall": 0.9545,
  "accuracy": 0.97725,
  "threshold": 0.5,
  "optimal_threshold": 0.1,
  "optimal_recall": 0.996,
  "optimal_fpph": 0.16809861785580874,
  "n_positive": 2000,
  "n_negative": 32124,
  "validation_hours": 17.85
}
